{"cameraMode":{"drawMode":0,"name":"Shaded","section":"Shading Mode"},"sceneLighting":true,"audioPlay":false,"sceneViewState":{"showFog":true,"showMaterialUpdate":false,"showSkybox":true,"showFlares":true,"showImageEffects":true,"showParticleSystems":true},"in2DMode":false,"pivot":{"x":13.290177345275879,"y":0.4283847212791443,"z":20.938846588134767},"rotation":{"x":0.32550355792045596,"y":0.2553544044494629,"z":-0.09179282188415528,"w":0.9057680368423462},"size":10.129851341247559,"orthographic":true}