{"cameraMode":{"drawMode":0,"name":"Shaded","section":"Shading Mode"},"sceneLighting":false,"audioPlay":false,"sceneViewState":{"showFog":true,"showMaterialUpdate":false,"showSkybox":false,"showFlares":true,"showImageEffects":true,"showParticleSystems":true},"in2DMode":false,"pivot":{"x":6.092293739318848,"y":0.5299068689346314,"z":16.91240692138672},"rotation":{"x":0.29300636053085329,"y":0.22166748344898225,"z":-0.07002013176679611,"w":0.9274525046348572},"size":3.189826250076294,"orthographic":false}