{"cameraMode":{"drawMode":0,"name":"Shaded","section":"Shading Mode"},"sceneLighting":true,"audioPlay":false,"sceneViewState":{"showFog":true,"showMaterialUpdate":false,"showSkybox":true,"showFlares":true,"showImageEffects":true,"showParticleSystems":true},"in2DMode":false,"pivot":{"x":13.290177345275879,"y":0.4283847212791443,"z":20.938846588134767},"rotation":{"x":0.2777002453804016,"y":0.42149874567985537,"z":-0.13736897706985475,"w":0.8522624373435974},"size":6.522891521453857,"orthographic":true}