{"cameraMode":{"drawMode":0,"name":"Shaded","section":"Shading Mode"},"sceneLighting":true,"audioPlay":false,"sceneViewState":{"showFog":true,"showMaterialUpdate":false,"showSkybox":true,"showFlares":true,"showImageEffects":true,"showParticleSystems":true},"in2DMode":false,"pivot":{"x":1017.335205078125,"y":329.34307861328127,"z":0.0},"rotation":{"x":0.22892828285694123,"y":0.21603071689605714,"z":-0.05216499790549278,"w":0.9477717876434326},"size":157.39749145507813,"orthographic":false}