{"cameraMode":{"drawMode":0,"name":"Shaded","section":"Shading Mode"},"sceneLighting":true,"audioPlay":false,"sceneViewState":{"showFog":true,"showMaterialUpdate":false,"showSkybox":true,"showFlares":true,"showImageEffects":true,"showParticleSystems":true},"in2DMode":false,"pivot":{"x":6.633718013763428,"y":0.17119531333446504,"z":20.15336799621582},"rotation":{"x":0.10895580053329468,"y":0.8211643695831299,"z":-0.1673084944486618,"w":0.5347081422805786},"size":1.9500732421875,"orthographic":false}