{"cameraMode":{"drawMode":0,"name":"Shaded","section":"Shading Mode"},"sceneLighting":true,"audioPlay":false,"sceneViewState":{"showFog":true,"showMaterialUpdate":false,"showSkybox":true,"showFlares":true,"showImageEffects":true,"showParticleSystems":true},"in2DMode":false,"pivot":{"x":3.774637222290039,"y":4.56231689453125,"z":6.416766166687012},"rotation":{"x":0.32284432649612429,"y":0.1918226182460785,"z":-0.06705079227685929,"w":0.9244436621665955},"size":5.24636697769165,"orthographic":false}