{"cameraMode":{"drawMode":0,"name":"Shaded","section":"Shading Mode"},"sceneLighting":false,"audioPlay":false,"sceneViewState":{"showFog":true,"showMaterialUpdate":false,"showSkybox":false,"showFlares":true,"showImageEffects":true,"showParticleSystems":true},"in2DMode":false,"pivot":{"x":-0.5731633901596069,"y":-0.003702375339344144,"z":-0.23142337799072267},"rotation":{"x":-0.283965140581131,"y":-0.5079789757728577,"z":0.17101071774959565,"w":-0.7960718274116516},"size":1.4750667810440064,"orthographic":false}