{"cameraMode":{"drawMode":0,"name":"Shaded","section":"Shading Mode"},"sceneLighting":true,"audioPlay":false,"sceneViewState":{"showFog":true,"showMaterialUpdate":false,"showSkybox":true,"showFlares":true,"showImageEffects":true,"showParticleSystems":true},"in2DMode":false,"pivot":{"x":8.915410995483399,"y":-5.08829927444458,"z":13.464919090270996},"rotation":{"x":0.2969960570335388,"y":0.22356025874614716,"z":-0.07173704355955124,"w":0.9255707859992981},"size":25.78597640991211,"orthographic":false}