{"cameraMode":{"drawMode":0,"name":"Shaded","section":"Shading Mode"},"sceneLighting":true,"audioPlay":false,"sceneViewState":{"showFog":true,"showMaterialUpdate":false,"showSkybox":true,"showFlares":true,"showImageEffects":true,"showParticleSystems":true},"in2DMode":false,"pivot":{"x":13.290177345275879,"y":0.4283847212791443,"z":20.938846588134767},"rotation":{"x":0.3403230607509613,"y":0.06002727523446083,"z":-0.0217763502150774,"w":0.938137948513031},"size":137.2413787841797,"orthographic":true}