{"cameraMode":{"drawMode":0,"name":"Shaded","section":"Shading Mode"},"sceneLighting":false,"audioPlay":false,"sceneViewState":{"showFog":true,"showMaterialUpdate":false,"showSkybox":false,"showFlares":true,"showImageEffects":true,"showParticleSystems":true},"in2DMode":false,"pivot":{"x":0.03474593162536621,"y":0.010367631912231446,"z":-0.01694774627685547},"rotation":{"x":-0.3139342665672302,"y":-0.31505027413368227,"z":0.10192703455686569,"w":-0.890760064125061},"size":1.4750667810440064,"orthographic":false}