{"cameraMode":{"drawMode":0,"name":"Shaded","section":"Shading Mode"},"sceneLighting":false,"audioPlay":false,"sceneViewState":{"showFog":true,"showMaterialUpdate":false,"showSkybox":false,"showFlares":true,"showImageEffects":true,"showParticleSystems":true},"in2DMode":false,"pivot":{"x":9.148255348205567,"y":0.273825466632843,"z":15.784882545471192},"rotation":{"x":-0.07714033126831055,"y":-0.3017999529838562,"z":0.02446145936846733,"w":-0.9501131772994995},"size":3.949124336242676,"orthographic":false}