{"cameraMode":{"drawMode":0,"name":"Shaded","section":"Shading Mode"},"sceneLighting":true,"audioPlay":false,"sceneViewState":{"showFog":true,"showMaterialUpdate":false,"showSkybox":true,"showFlares":true,"showImageEffects":true,"showParticleSystems":true},"in2DMode":false,"pivot":{"x":13.290177345275879,"y":0.4283847212791443,"z":20.938846588134767},"rotation":{"x":0.24786277115345,"y":0.013947678729891777,"z":-0.0035711140371859075,"w":0.9686881899833679},"size":455.15472412109377,"orthographic":true}