{"cameraMode":{"drawMode":0,"name":"Shaded","section":"Shading Mode"},"sceneLighting":true,"audioPlay":false,"sceneViewState":{"showFog":true,"showMaterialUpdate":false,"showSkybox":true,"showFlares":true,"showImageEffects":true,"showParticleSystems":true},"in2DMode":false,"pivot":{"x":12.024693489074707,"y":-66.27748107910156,"z":123.7724380493164},"rotation":{"x":-0.2653436064720154,"y":-0.04100080206990242,"z":0.007329233922064304,"w":-0.963767945766449},"size":136.63658142089845,"orthographic":false}