{"cameraMode":{"drawMode":0,"name":"Shaded","section":"Shading Mode"},"sceneLighting":true,"audioPlay":false,"sceneViewState":{"showFog":true,"showMaterialUpdate":false,"showSkybox":true,"showFlares":true,"showImageEffects":true,"showParticleSystems":true},"in2DMode":false,"pivot":{"x":12.584774017333985,"y":-19.06641960144043,"z":38.54887390136719},"rotation":{"x":-0.3217054009437561,"y":-0.16054143011569978,"z":0.05067703127861023,"w":-0.9323534369468689},"size":43.37400436401367,"orthographic":false}