{"cameraMode":{"drawMode":0,"name":"Shaded","section":"Shading Mode"},"sceneLighting":true,"audioPlay":false,"sceneViewState":{"showFog":true,"showMaterialUpdate":false,"showSkybox":true,"showFlares":true,"showImageEffects":true,"showParticleSystems":true},"in2DMode":false,"pivot":{"x":0.0600784569978714,"y":-9.49974536895752,"z":26.382253646850587},"rotation":{"x":0.3585444390773773,"y":-0.3231682777404785,"z":0.14330081641674043,"w":0.8649694323539734},"size":39.291622161865237,"orthographic":false}