{"cameraMode":{"drawMode":0,"name":"Shaded","section":"Shading Mode"},"sceneLighting":false,"audioPlay":false,"sceneViewState":{"showFog":true,"showMaterialUpdate":false,"showSkybox":false,"showFlares":true,"showImageEffects":true,"showParticleSystems":true},"in2DMode":false,"pivot":{"x":3.711076259613037,"y":0.932544469833374,"z":19.123788833618165},"rotation":{"x":0.35039952397346499,"y":0.1719607710838318,"z":-0.06560631096363068,"w":0.9183573722839356},"size":4.748904705047607,"orthographic":false}