{"cameraMode":{"drawMode":0,"name":"Shaded","section":"Shading Mode"},"sceneLighting":true,"audioPlay":false,"sceneViewState":{"showFog":true,"showMaterialUpdate":false,"showSkybox":true,"showFlares":true,"showImageEffects":true,"showParticleSystems":true},"in2DMode":false,"pivot":{"x":45.97687911987305,"y":5.717720031738281,"z":7.738709926605225},"rotation":{"x":0.04290923476219177,"y":-0.7142486572265625,"z":-0.04822228476405144,"w":-0.6975415349006653},"size":38.925445556640628,"orthographic":false}