{"cameraMode":{"drawMode":0,"name":"Shaded","section":"Shading Mode"},"sceneLighting":false,"audioPlay":false,"sceneViewState":{"showFog":true,"showMaterialUpdate":false,"showSkybox":false,"showFlares":true,"showImageEffects":true,"showParticleSystems":true},"in2DMode":false,"pivot":{"x":22.33120346069336,"y":0.549019455909729,"z":9.924209594726563},"rotation":{"x":-0.19835901260375977,"y":-0.040274713188409808,"z":0.002797437133267522,"w":-0.9799783229827881},"size":4.381986618041992,"orthographic":false}