{"cameraMode":{"drawMode":0,"name":"Shaded","section":"Shading Mode"},"sceneLighting":true,"audioPlay":false,"sceneViewState":{"showFog":true,"showMaterialUpdate":false,"showSkybox":true,"showFlares":true,"showImageEffects":true,"showParticleSystems":true},"in2DMode":false,"pivot":{"x":18.777944564819337,"y":1.9861185550689698,"z":36.43822479248047},"rotation":{"x":0.11135849356651306,"y":0.2953881025314331,"z":-0.025280455127358438,"w":0.9494458436965942},"size":22.0,"orthographic":false}