{"cameraMode":{"drawMode":0,"name":"Shaded","section":"Shading Mode"},"sceneLighting":false,"audioPlay":false,"sceneViewState":{"showFog":true,"showMaterialUpdate":false,"showSkybox":false,"showFlares":true,"showImageEffects":true,"showParticleSystems":true},"in2DMode":false,"pivot":{"x":7.573728561401367,"y":1.2171611785888672,"z":1.3190068006515504},"rotation":{"x":0.32550355792045596,"y":0.2553544044494629,"z":-0.09179282188415528,"w":0.9057680368423462},"size":5.620660781860352,"orthographic":true}