{"cameraMode":{"drawMode":0,"name":"Shaded","section":"Shading Mode"},"sceneLighting":true,"audioPlay":false,"sceneViewState":{"showFog":true,"showMaterialUpdate":false,"showSkybox":true,"showFlares":true,"showImageEffects":true,"showParticleSystems":true},"in2DMode":false,"pivot":{"x":3.1463623046875,"y":1.5946199893951417,"z":17.601106643676759},"rotation":{"x":-0.23880884051322938,"y":-0.47125592827796938,"z":0.1342378854751587,"w":-0.838372528553009},"size":10.586360931396485,"orthographic":true}