{"cameraMode":{"drawMode":0,"name":"Shaded","section":"Shading Mode"},"sceneLighting":true,"audioPlay":false,"sceneViewState":{"showFog":true,"showMaterialUpdate":false,"showSkybox":true,"showFlares":true,"showImageEffects":true,"showParticleSystems":true},"in2DMode":false,"pivot":{"x":10.736275672912598,"y":-1.9776744842529297,"z":12.725483894348145},"rotation":{"x":0.3453111946582794,"y":0.45668384432792666,"z":-0.19821488857269288,"w":0.7955771684646606},"size":22.0,"orthographic":false}