{"cameraMode":{"drawMode":0,"name":"Shaded","section":"Shading Mode"},"sceneLighting":true,"audioPlay":false,"sceneViewState":{"showFog":true,"showMaterialUpdate":false,"showSkybox":true,"showFlares":true,"showImageEffects":true,"showParticleSystems":true},"in2DMode":false,"pivot":{"x":-46.039154052734378,"y":-434.6890869140625,"z":459.0982360839844},"rotation":{"x":0.3793793022632599,"y":-0.06187334284186363,"z":0.025275597348809243,"w":0.9229124784469605},"size":632.0830688476563,"orthographic":false}