{"cameraMode":{"drawMode":0,"name":"Shaded","section":"Shading Mode"},"sceneLighting":false,"audioPlay":false,"sceneViewState":{"showFog":true,"showMaterialUpdate":false,"showSkybox":false,"showFlares":true,"showImageEffects":true,"showParticleSystems":true},"in2DMode":false,"pivot":{"x":1.512872576713562,"y":9.78891372680664,"z":4.829422473907471},"rotation":{"x":0.2908921539783478,"y":0.2480064034461975,"z":-0.0783412754535675,"w":0.9207597970962524},"size":66.298583984375,"orthographic":false}