{"cameraMode":{"drawMode":0,"name":"Shaded","section":"Shading Mode"},"sceneLighting":true,"audioPlay":false,"sceneViewState":{"showFog":true,"showMaterialUpdate":false,"showSkybox":true,"showFlares":true,"showImageEffects":true,"showParticleSystems":true},"in2DMode":false,"pivot":{"x":957.0692138671875,"y":299.64178466796877,"z":28.2352294921875},"rotation":{"x":0.13293077051639558,"y":0.32140401005744936,"z":-0.04561339318752289,"w":0.9364919066429138},"size":477.0957336425781,"orthographic":false}