{"cameraMode":{"drawMode":0,"name":"Shaded","section":"Shading Mode"},"sceneLighting":true,"audioPlay":false,"sceneViewState":{"showFog":true,"showMaterialUpdate":false,"showSkybox":true,"showFlares":true,"showImageEffects":true,"showParticleSystems":true},"in2DMode":false,"pivot":{"x":333.7420349121094,"y":262.1485595703125,"z":-153.5270538330078},"rotation":{"x":0.27682244777679446,"y":-0.23422953486442567,"z":0.06978752464056015,"w":0.929358184337616},"size":350.0858154296875,"orthographic":false}