{"cameraMode":{"drawMode":0,"name":"Shaded","section":"Shading Mode"},"sceneLighting":true,"audioPlay":false,"sceneViewState":{"showFog":true,"showMaterialUpdate":false,"showSkybox":true,"showFlares":true,"showImageEffects":true,"showParticleSystems":true},"in2DMode":false,"pivot":{"x":10.639039993286133,"y":-0.40006542205810549,"z":16.546083450317384},"rotation":{"x":0.22892828285694123,"y":0.21603071689605714,"z":-0.05216499790549278,"w":0.9477717876434326},"size":25.977718353271486,"orthographic":false}