{"cameraMode":{"drawMode":0,"name":"Shaded","section":"Shading Mode"},"sceneLighting":false,"audioPlay":false,"sceneViewState":{"showFog":true,"showMaterialUpdate":false,"showSkybox":false,"showFlares":true,"showImageEffects":true,"showParticleSystems":true},"in2DMode":false,"pivot":{"x":10.539263725280762,"y":-5.942797660827637,"z":18.785383224487306},"rotation":{"x":-0.3419959545135498,"y":-0.2999471127986908,"z":0.10669019818305969,"w":-0.8850680589675903},"size":14.581767082214356,"orthographic":false}