{"cameraMode":{"drawMode":0,"name":"Shaded","section":"Shading Mode"},"sceneLighting":true,"audioPlay":false,"sceneViewState":{"showFog":true,"showMaterialUpdate":false,"showSkybox":true,"showFlares":true,"showImageEffects":true,"showParticleSystems":true},"in2DMode":false,"pivot":{"x":-1.1880323886871338,"y":6.063859462738037,"z":3.1948788166046144},"rotation":{"x":0.2586672008037567,"y":0.2877824008464813,"z":-0.08109873533248902,"w":0.9185932278633118},"size":9.344497680664063,"orthographic":false}